{
    "groups": {
        "Group A": ["Qatar", "Ecuador", "Senegal", "Netherlands"],
        "Group B": ["England", "IR Iran", "USA", "Wales"],
        "Group C": ["Argentina", "Saudi Arabia", "Mexico", "Poland"],
        "Group D": ["France", "Australia", "Denmark", "Tunisia"],
        "Group E": ["Spain", "Costa Rica", "Germany", "Japan"],
        "Group F": ["Belgium", "Canada", "Morocco", "Croatia"],
        "Group G": ["Brazil", "Serbia", "Switzerland", "Cameroon"],
        "Group H": ["Portugal", "Ghana", "Uruguay", "Korea Republic"]
    }
}